"Identificador de URL";Nombre;Categorías;"Nombre de propiedad 1";"Valor de propiedad 1";"Nombre de propiedad 2";"Valor de propiedad 2";"Nombre de propiedad 3";"Valor de propiedad 3";Precio;"Precio promocional";"Peso (kg)";"Alto (cm)";"Ancho (cm)";"Profundidad (cm)";Stock;SKU;"Código de barras";"Mostrar en tienda";"Envío sin cargo";Descripción;Tags;"Título para SEO";"Descripción para SEO";Marca;"Producto Físico";"MPN (Número de pieza del fabricante)";Sexo;"Rango de edad";Costo;Visibilidad
procesador-amd-ryzen-5-5600gt-am4-65w-3-6ghz-6-core-7d7eb;"Procesador AMD Ryzen 5 5600GT AM4 65W 3.6GHZ 6 CORE";"COMPONENTES > Procesadores";;;;;;;429,603.28;;1.00;;;;3;000366;;SI;NO;"<p>Procesador AMD Ryzen 5 5600GT AM4 65W 3.6GHZ 6 CORE. Producto de demostración.</p>";;;;AMD;SI;;;;300,722.30;Visible
procesador-amd-ryzen-7-5700g-854b3;"Procesador AMD Ryzen 7 5700G";"COMPONENTES > Procesadores";;;;;;;509,190.04;;1.00;;;;2;002722;;SI;NO;"<p>Procesador AMD Ryzen 7 5700G. Producto de demostración.</p>";;;;AMD;SI;;;;356,433.03;Visible
procesador-amd-r5-5600-am4-c-cooler-b039c;"PROCESADOR AMD R5 5600 AM4 C/COOLER";"COMPONENTES > Procesadores";;;;;;;385,000.00;;1.00;;;;4;003101;;SI;NO;"<p>PROCESADOR AMD R5 5600 AM4 C/COOLER. Producto de demostración.</p>";;;;AMD;SI;;;;269,500.00;Visible
micro-amd-ryzen-7-5700x-sin-cooler-am4-7240c;"MICRO AMD RYZEN 7 5700X SIN COOLER AM4";"COMPONENTES > Procesadores";;;;;;;470,000.00;;1.00;;;;2;003102;;SI;NO;"<p>MICRO AMD RYZEN 7 5700X SIN COOLER AM4. Producto de demostración.</p>";;;;AMD;SI;;;;329,000.00;Visible
procesador-amd-ryzen-5-8500g-am5-65w-3-5-ghz-6-core-8dcf2;"PROCESADOR AMD RYZEN 5 8500G AM5 65W 3.5 GHZ 6 CORE";"COMPONENTES > Procesadores";;;;;;;399,310.74;;1.00;;;;2;000249;;SI;NO;"<p>PROCESADOR AMD RYZEN 5 8500G AM5 65W 3.5 GHZ 6 CORE. Producto de demostración.</p>";;;;AMD;SI;;;;279,517.52;Visible
procesador-amd-ryzen-5-8600g-am5-radeon-760m-169d6;"Procesador AMD Ryzen 5 8600G AM5 Radeon 760M";"COMPONENTES > Procesadores";;;;;;;560,000.00;;1.00;;;;2;003103;;SI;NO;"<p>Procesador AMD Ryzen 5 8600G AM5 Radeon 760M. Producto de demostración.</p>";;;;AMD;SI;;;;392,000.00;Visible
procesador-amd-ryzen-5-7600-am5-box-48710;"PROCESADOR AMD RYZEN 5 7600 AM5 BOX";"COMPONENTES > Procesadores";;;;;;;610,000.00;;1.00;;;;3;003104;;SI;NO;"<p>PROCESADOR AMD RYZEN 5 7600 AM5 BOX. Producto de demostración.</p>";;;;AMD;SI;;;;427,000.00;Visible
micro-intel-core-i3-12100f-4-3ghz-lga1700-2bd39;"MICRO INTEL CORE I3 12100F 4.3GHZ LGA1700";"COMPONENTES > Procesadores";;;;;;;245,000.00;;1.00;;;;3;003105;;SI;NO;"<p>MICRO INTEL CORE I3 12100F 4.3GHZ LGA1700. Producto de demostración.</p>";;;;Intel;SI;;;;171,500.00;Visible
procesador-intel-core-i5-12400f-6-nucleos-lga-1700-afa9b;"Procesador Intel Core i5 12400F 6 Nucleos LGA 1700";"COMPONENTES > Procesadores";;;;;;;390,000.00;;1.00;;;;4;003106;;SI;NO;"<p>Procesador Intel Core i5 12400F 6 Nucleos LGA 1700. Producto de demostración.</p>";;;;Intel;SI;;;;273,000.00;Visible
procesador-intel-core-i5-12400-c-video-uhd-730-b72fd;"Procesador Intel Core i5-12400 c/ Video UHD 730";"COMPONENTES > Procesadores";;;;;;;450,000.00;;1.00;;;;0;003107;;SI;NO;"<p>Procesador Intel Core i5-12400 c/ Video UHD 730. Producto de demostración.</p>";;;;Intel;SI;;;;315,000.00;Visible
micro-intel-i5-14600kf-s-cooler-s1700-7f4bd;"MICRO INTEL I5 14600KF S/COOLER S1700";"COMPONENTES > Procesadores";;;;;;;890,000.00;;1.00;;;;1;003108;;SI;NO;"<p>MICRO INTEL I5 14600KF S/COOLER S1700. Producto de demostración.</p>";;;;Intel;SI;;;;623,000.00;Visible
mother-gigabyte-a520mkv2-43845;"MOTHER GIGABYTE A520MKV2";"COMPONENTES > Mother";;;;;;;125,163.26;;1.00;;;;3;002489;;SI;NO;"<p>MOTHER GIGABYTE A520MKV2. Producto de demostración.</p>";;;;GIGABYTE;SI;;;;87,614.28;Visible
mother-asus-prime-a520m-k-am4-e4aea;"MOTHER ASUS PRIME A520M-K AM4";"COMPONENTES > Mother";;;;;;;126,127.12;;1.00;;;;2;000282;;SI;NO;"<p>MOTHER ASUS PRIME A520M-K AM4. Producto de demostración.</p>";;;;ASUS;SI;;;;88,288.98;Visible
mother-msi-b550m-pro-vdh-wifi-am4-a03cf;"MOTHER MSI B550M PRO VDH WIFI AM4";"COMPONENTES > Mother";;;;;;;260,000.00;;1.00;;;;2;003201;;SI;NO;"<p>MOTHER MSI B550M PRO VDH WIFI AM4. Producto de demostración.</p>";;;;MSI;SI;;;;182,000.00;Visible
mother-gigabyte-a620m-s2h-am5-ddr5-c5264;"Mother Gigabyte A620M S2H AM5 DDR5";"COMPONENTES > Mother";;;;;;;175,000.00;;1.00;;;;3;003202;;SI;NO;"<p>Mother Gigabyte A620M S2H AM5 DDR5. Producto de demostración.</p>";;;;GIGABYTE;SI;;;;122,500.00;Visible
mother-msi-b650m-gaming-plus-wifi-am5-92811;"MOTHER MSI B650M GAMING PLUS WIFI AM5";"COMPONENTES > Mother";;;;;;;395,000.00;;1.00;;;;2;003203;;SI;NO;"<p>MOTHER MSI B650M GAMING PLUS WIFI AM5. Producto de demostración.</p>";;;;MSI;SI;;;;276,500.00;Visible
mother-asus-prime-b650-plus-atx-am5-509a5;"MOTHER ASUS PRIME B650 PLUS ATX AM5";"COMPONENTES > Mother";;;;;;;420,000.00;;1.00;;;;1;003204;;SI;NO;"<p>MOTHER ASUS PRIME B650 PLUS ATX AM5. Producto de demostración.</p>";;;;ASUS;SI;;;;294,000.00;Visible
mother-msi-h610m-g-ddr4-lga1700-445ca;"MOTHER MSI H610M-G DDR4 LGA1700";"COMPONENTES > Mother";;;;;;;195,524.57;;1.00;;;;2;001680;;SI;NO;"<p>MOTHER MSI H610M-G DDR4 LGA1700. Producto de demostración.</p>";;;;MSI;SI;;;;136,867.20;Visible
mother-gigabyte-b760m-ds3h-ddr4-lga1700-3dcf5;"Mother Gigabyte B760M DS3H DDR4 LGA1700";"COMPONENTES > Mother";;;;;;;240,000.00;;1.00;;;;2;003205;;SI;NO;"<p>Mother Gigabyte B760M DS3H DDR4 LGA1700. Producto de demostración.</p>";;;;GIGABYTE;SI;;;;168,000.00;Visible
mother-msi-pro-b760m-a-wifi-ddr5-3126f;"MOTHER MSI PRO B760M-A WIFI DDR5";"COMPONENTES > Mother";;;;;;;330,000.00;;1.00;;;;1;003206;;SI;NO;"<p>MOTHER MSI PRO B760M-A WIFI DDR5. Producto de demostración.</p>";;;;MSI;SI;;;;231,000.00;Visible
memoria-kingston-ddr4-8gb-3200mhz-cl16-fury-beast-black-18da8;"MEMORIA KINGSTON DDR4 8GB 3200MHZ CL16 FURY BEAST BLACK";"COMPONENTES > Memorias";;;;;;;330,464.06;;1.00;;;;6;001183;;SI;NO;"<p>MEMORIA KINGSTON DDR4 8GB 3200MHZ CL16 FURY BEAST BLACK. Producto de demostración.</p>";;;;Kingston;SI;;;;231,324.84;Visible
memoria-ram-kingston-fury-beast-16gb-ddr4-3200-47d6c;"Memoria Ram Kingston Fury Beast 16GB DDR4 3200";"COMPONENTES > Memorias";;;;;;;560,000.00;;1.00;;;;3;003301;;SI;NO;"<p>Memoria Ram Kingston Fury Beast 16GB DDR4 3200. Producto de demostración.</p>";;;;Kingston;SI;;;;392,000.00;Visible
memoria-kingston-fury-beast-kit-2x8gb-ddr4-3200-19346;"MEMORIA KINGSTON FURY BEAST KIT 2X8GB DDR4 3200";"COMPONENTES > Memorias";;;;;;;640,000.00;;1.00;;;;2;003302;;SI;NO;"<p>MEMORIA KINGSTON FURY BEAST KIT 2X8GB DDR4 3200. Producto de demostración.</p>";;;;Kingston;SI;;;;448,000.00;Visible
memoria-corsair-vengeance-lpx-32gb-2x16-ddr4-3200-cdb36;"MEMORIA CORSAIR VENGEANCE LPX 32GB (2X16) DDR4 3200";"COMPONENTES > Memorias";;;;;;;1,150,000.00;;1.00;;;;1;003303;;SI;NO;"<p>MEMORIA CORSAIR VENGEANCE LPX 32GB (2X16) DDR4 3200. Producto de demostración.</p>";;;;Corsair;SI;;;;805,000.00;Visible
memoria-kingston-valueram-ddr5-8gb-4800-e200f;"Memoria Kingston ValueRAM DDR5 8GB 4800";"COMPONENTES > Memorias";;;;;;;360,000.00;;1.00;;;;2;003304;;SI;NO;"<p>Memoria Kingston ValueRAM DDR5 8GB 4800. Producto de demostración.</p>";;;;Kingston;SI;;;;252,000.00;Visible
memoria-kingston-fury-beast-ddr5-16gb-5600mhz-2ba02;"MEMORIA KINGSTON FURY BEAST DDR5 16GB 5600MHZ";"COMPONENTES > Memorias";;;;;;;590,000.00;;1.00;;;;4;003305;;SI;NO;"<p>MEMORIA KINGSTON FURY BEAST DDR5 16GB 5600MHZ. Producto de demostración.</p>";;;;Kingston;SI;;;;413,000.00;Visible
memoria-xpg-lancer-ddr5-16gb-6000-rgb-70451;"MEMORIA XPG LANCER DDR5 16GB 6000 RGB";"COMPONENTES > Memorias";;;;;;;620,000.00;;1.00;;;;2;003306;;SI;NO;"<p>MEMORIA XPG LANCER DDR5 16GB 6000 RGB. Producto de demostración.</p>";;;;XPG;SI;;;;434,000.00;Visible
memoria-kingston-fury-beast-ddr5-32gb-2x16-6000mhz-141f0;"Memoria Kingston Fury Beast DDR5 32GB (2x16) 6000MHz";"COMPONENTES > Memorias";;;;;;;1,180,000.00;;1.00;;;;1;003307;;SI;NO;"<p>Memoria Kingston Fury Beast DDR5 32GB (2x16) 6000MHz. Producto de demostración.</p>";;;;Kingston;SI;;;;826,000.00;Visible
placa-de-video-zotac-gaming-geforce-rtx-3050-6gb-gddr6-twin-edge-oc-709e5;"PLACA DE VIDEO ZOTAC GAMING GeForce RTX 3050 6GB GDDR6 Twin Edge OC";"COMPONENTES > Placas de Video";;;;;;;780,721.35;;1.00;;;;2;001553;;SI;NO;"<p>PLACA DE VIDEO ZOTAC GAMING GeForce RTX 3050 6GB GDDR6 Twin Edge OC. Producto de demostración.</p>";;;;Zotac;SI;;;;546,504.94;Visible
placa-de-video-gigabyte-geforce-rtx-5050-8gb-gddr6-windforce-f0a05;"PLACA DE VIDEO GIGABYTE GeForce RTX 5050 8GB GDDR6 WINDFORCE";"COMPONENTES > Placas de Video";;;;;;;1,116,693.14;;1.00;;;;2;003488;;SI;NO;"<p>PLACA DE VIDEO GIGABYTE GeForce RTX 5050 8GB GDDR6 WINDFORCE. Producto de demostración.</p>";;;;GIGABYTE;SI;;;;781,685.20;Visible
placa-de-video-gigabyte-rtx-5060-windforce-oc-8gb-77f42;"PLACA DE VIDEO GIGABYTE RTX 5060 WINDFORCE OC 8GB";"COMPONENTES > Placas de Video";;;;;;;1,250,000.00;;1.00;;;;3;003401;;SI;NO;"<p>PLACA DE VIDEO GIGABYTE RTX 5060 WINDFORCE OC 8GB. Producto de demostración.</p>";;;;GIGABYTE;SI;;;;875,000.00;Visible
placa-de-video-asus-dual-rtx-5060-ti-16gb-gddr7-e553f;"Placa de Video ASUS Dual RTX 5060 Ti 16GB GDDR7";"COMPONENTES > Placas de Video";;;;;;;1,690,000.00;;1.00;;;;1;003402;;SI;NO;"<p>Placa de Video ASUS Dual RTX 5060 Ti 16GB GDDR7. Producto de demostración.</p>";;;;ASUS;SI;;;;1,183,000.00;Visible
placa-de-video-gigabyte-rtx-5070-windforce-oc-sff-12g-5429d;"PLACA DE VIDEO GIGABYTE RTX 5070 WINDFORCE OC SFF 12G";"COMPONENTES > Placas de Video";;;;;;;2,150,000.00;;1.00;;;;1;003403;;SI;NO;"<p>PLACA DE VIDEO GIGABYTE RTX 5070 WINDFORCE OC SFF 12G. Producto de demostración.</p>";;;;GIGABYTE;SI;;;;1,505,000.00;Visible
video-rx-7600-sapphire-pulse-8gb-93dfd;"VIDEO RX 7600 SAPPHIRE PULSE 8GB";"COMPONENTES > Placas de Video";;;;;;;1,050,000.00;;1.00;;;;1;003404;;SI;NO;"<p>VIDEO RX 7600 SAPPHIRE PULSE 8GB. Producto de demostración.</p>";;;;Sapphire;SI;;;;735,000.00;Visible
video-rx-9060-xt-gigabyte-gaming-oc-16gb-e0061;"VIDEO RX 9060 XT GIGABYTE GAMING OC 16GB";"COMPONENTES > Placas de Video";;;;;;;1,536,657.89;;1.00;;;;2;003039;;SI;NO;"<p>VIDEO RX 9060 XT GIGABYTE GAMING OC 16GB. Producto de demostración.</p>";;;;GIGABYTE;SI;;;;1,075,660.52;Visible
placa-de-video-sapphire-pulse-rx-9070-xt-16gb-b34f3;"PLACA DE VIDEO SAPPHIRE PULSE RX 9070 XT 16GB";"COMPONENTES > Placas de Video";;;;;;;2,750,000.00;;1.00;;;;1;003405;;SI;NO;"<p>PLACA DE VIDEO SAPPHIRE PULSE RX 9070 XT 16GB. Producto de demostración.</p>";;;;Sapphire;SI;;;;1,925,000.00;Visible
disco-solido-ssd-kingston-a400-480gb-sata-f1234;"DISCO SOLIDO SSD KINGSTON A400 480GB SATA";"COMPONENTES > Almacenamiento";;;;;;;120,000.00;;1.00;;;;5;003501;;SI;NO;"<p>DISCO SOLIDO SSD KINGSTON A400 480GB SATA. Producto de demostración.</p>";;;;Kingston;SI;;;;84,000.00;Visible
ssd-m-2-kingston-nv3-500gb-nvme-5b322;"SSD M.2 KINGSTON NV3 500GB NVME";"COMPONENTES > Almacenamiento";;;;;;;140,000.00;;1.00;;;;4;003502;;SI;NO;"<p>SSD M.2 KINGSTON NV3 500GB NVME. Producto de demostración.</p>";;;;Kingston;SI;;;;98,000.00;Visible
ssd-m-2-kingston-nv3-1tb-nvme-pcie-4-0-f21d8;"SSD M.2 KINGSTON NV3 1TB NVME PCIE 4.0";"COMPONENTES > Almacenamiento";;;;;;;260,000.00;;1.00;;;;3;003503;;SI;NO;"<p>SSD M.2 KINGSTON NV3 1TB NVME PCIE 4.0. Producto de demostración.</p>";;;;Kingston;SI;;;;182,000.00;Visible
disco-ssd-wd-blue-sn580-1tb-m-2-nvme-b30f2;"Disco SSD WD Blue SN580 1TB M.2 NVMe";"COMPONENTES > Almacenamiento";;;;;;;310,000.00;;1.00;;;;2;003504;;SI;NO;"<p>Disco SSD WD Blue SN580 1TB M.2 NVMe. Producto de demostración.</p>";;;;"Western Digital";SI;;;;217,000.00;Visible
ssd-1tb-m-2-para-ps5-y-pc-wd-black-sn850x-con-disipador-bca78;"SSD 1TB M.2 PARA PS5 Y PC WD Black SN850X CON DISIPADOR";"COMPONENTES > Almacenamiento";;;;;;;930,807.11;;1.00;;;;1;000460;;SI;NO;"<p>SSD 1TB M.2 PARA PS5 Y PC WD Black SN850X CON DISIPADOR. Producto de demostración.</p>";;;;"Western Digital";SI;;;;651,564.98;Visible
ssd-m-2-nvme-xpg-spectrix-s40g-256gb-1-tb-d2bb7;"SSD M.2 NvME XPG SPECTRIX S40G 256GB / 1 TB";"COMPONENTES > Almacenamiento";Capacidad;"256 GB";;;;;129,698.00;;1.00;;;;2;001230;;SI;NO;"<p>SSD M.2 NvME XPG SPECTRIX S40G 256GB / 1 TB. Producto de demostración.</p>";;;;XPG;SI;;;;90,788.60;Visible
ssd-m-2-nvme-xpg-spectrix-s40g-256gb-1-tb-d2bb7;;;Capacidad;"1 TB";;;;;445,836.88;;1.00;;;;0;000243;;;;;;;;;;;;;312,085.82;
fuente-atx-noga-600w-box-cooler-cooler-120mm-e6340;"FUENTE ATX NOGA 600W BOX COOLER COOLER 120MM";"COMPONENTES > Fuentes";Potencia;600w;;;;;45,233.20;;1.00;;;;3;002409;;SI;NO;"<p>FUENTE ATX NOGA 600W BOX COOLER COOLER 120MM. Producto de demostración.</p>";;;;Noga;SI;;;;31,663.24;Visible
fuente-atx-noga-600w-box-cooler-cooler-120mm-e6340;;;Potencia;700w;;;;;60,310.94;;1.00;;;;2;002101;;;;;;;;;;;;;42,217.66;
fuente-gamemax-gp-550-550w-80-plus-bronze-3e356;"FUENTE GAMEMAX GP-550 550W 80 PLUS BRONZE";"COMPONENTES > Fuentes";;;;;;;95,000.00;;1.00;;;;4;003601;;SI;NO;"<p>FUENTE GAMEMAX GP-550 550W 80 PLUS BRONZE. Producto de demostración.</p>";;;;GameMax;SI;;;;66,500.00;Visible
fuente-cooler-master-mwe-550-bronze-v3-3cff8;"Fuente Cooler Master MWE 550 Bronze V3";"COMPONENTES > Fuentes";;;;;;;120,000.00;;1.00;;;;3;003602;;SI;NO;"<p>Fuente Cooler Master MWE 550 Bronze V3. Producto de demostración.</p>";;;;"Cooler Master";SI;;;;84,000.00;Visible
fuente-thermaltake-smart-bx1-650w-80-plus-bronze-4d442;"FUENTE THERMALTAKE SMART BX1 650W 80 PLUS BRONZE";"COMPONENTES > Fuentes";;;;;;;140,000.00;;1.00;;;;2;003603;;SI;NO;"<p>FUENTE THERMALTAKE SMART BX1 650W 80 PLUS BRONZE. Producto de demostración.</p>";;;;Thermaltake;SI;;;;98,000.00;Visible
fuente-800w-gamemax-vp-800-80-plus-bronze-cooler-1-120mm-4503b;"Fuente 800W GameMax VP-800 80 Plus Bronze Cooler 1 120mm";"COMPONENTES > Fuentes";;;;;;;319,550.05;;1.00;;;;1;000828;;SI;NO;"<p>Fuente 800W GameMax VP-800 80 Plus Bronze Cooler 1 120mm. Producto de demostración.</p>";;;;GameMax;SI;;;;223,685.03;Visible
fuente-corsair-rm750e-750w-80-plus-gold-modular-97638;"FUENTE CORSAIR RM750E 750W 80 PLUS GOLD MODULAR";"COMPONENTES > Fuentes";;;;;;;290,000.00;;1.00;;;;2;003604;;SI;NO;"<p>FUENTE CORSAIR RM750E 750W 80 PLUS GOLD MODULAR. Producto de demostración.</p>";;;;Corsair;SI;;;;203,000.00;Visible
fuente-modular-cooler-master-mwe-gold-850wv3-06f43;"FUENTE MODULAR COOLER MASTER MWE GOLD 850WV3";"COMPONENTES > Fuentes";;;;;;;331,710.16;;1.00;;;;2;003205;;SI;NO;"<p>FUENTE MODULAR COOLER MASTER MWE GOLD 850WV3. Producto de demostración.</p>";;;;"Cooler Master";SI;;;;232,197.11;Visible
gabinete-thermaltake-view-270-mid-tg-x2-fan-argb-x3-cbbe8;"GABINETE THERMALTAKE VIEW 270 MID TG X2 FAN ARGB X3";"COMPONENTES > Gabinetes";Color;"Verde Matcha";;;;;206,540.04;;1.00;;;;2;002895;;SI;NO;"<p>GABINETE THERMALTAKE VIEW 270 MID TG X2 FAN ARGB X3. Producto de demostración.</p>";;;;thermaltake;SI;;;;144,578.03;Visible
gabinete-thermaltake-view-270-mid-tg-x2-fan-argb-x3-cbbe8;;;Color;Lila;;;;;206,540.04;;1.00;;;;1;002896;;;;;;;;;;;;;144,578.03;
gabinete-thermaltake-ah-t200-snow-blanco-mid-tower-a9f7d;"GABINETE THERMALTAKE AH T200 SNOW BLANCO MID TOWER";"COMPONENTES > Gabinetes";Color;Blanco;;;;;330,464.06;;1.00;;;;1;001232;;SI;NO;"<p>GABINETE THERMALTAKE AH T200 SNOW BLANCO MID TOWER. Producto de demostración.</p>";;;;thermaltake;SI;;;;231,324.84;Visible
gabinete-thermaltake-ah-t200-snow-blanco-mid-tower-a9f7d;;;Color;Verde;;;;;330,464.06;;1.00;;;;1;001688;;;;;;;;;;;;;231,324.84;
gabinete-gamer-redragon-wheeljack-negro-rgb-e3444;"GABINETE GAMER REDRAGON WHEElJACK NEGRO RGB";"COMPONENTES > Gabinetes";;;;;;;247,848.05;;1.00;;;;3;000932;;SI;NO;"<p>GABINETE GAMER REDRAGON WHEElJACK NEGRO RGB. Producto de demostración.</p>";;;;Redragon;SI;;;;173,493.63;Visible
gabinete-cooler-master-masterbox-q300l-micro-atx-cf9d3;"Gabinete Cooler Master MasterBox Q300L Micro ATX";"COMPONENTES > Gabinetes";;;;;;;150,000.00;;1.00;;;;2;003701;;SI;NO;"<p>Gabinete Cooler Master MasterBox Q300L Micro ATX. Producto de demostración.</p>";;;;"Cooler Master";SI;;;;105,000.00;Visible
gabinete-lian-li-lancool-216-negro-58122;"GABINETE LIAN LI LANCOOL 216 NEGRO";"COMPONENTES > Gabinetes";;;;;;;280,000.00;;1.00;;;;1;003702;;SI;NO;"<p>GABINETE LIAN LI LANCOOL 216 NEGRO. Producto de demostración.</p>";;;;"Lian Li";SI;;;;196,000.00;Visible
gabinete-corsair-4000d-airflow-tg-negro-4dae2;"GABINETE CORSAIR 4000D AIRFLOW TG NEGRO";"COMPONENTES > Gabinetes";;;;;;;310,000.00;;1.00;;;;1;003703;;NO;NO;"<p>GABINETE CORSAIR 4000D AIRFLOW TG NEGRO. Producto de demostración.</p>";;;;Corsair;SI;;;;217,000.00;Visible
gabinete-kit-micro-atx-c-fuente-500w-teclado-y-mouse-620ae;"GABINETE KIT MICRO ATX C/FUENTE 500W TECLADO Y MOUSE";"COMPONENTES > Gabinetes";;;;;;;160,000.00;;1.00;;;;4;003704;;SI;NO;"<p>GABINETE KIT MICRO ATX C/FUENTE 500W TECLADO Y MOUSE. Producto de demostración.</p>";;;;Generico;SI;;;;112,000.00;Visible
fuente-switching-12v-6a-seisa-camara-21063;"FUENTE SWITCHING 12V 6A SEISA CAMARA";"COMPONENTES > Fuentes";;;;;;;16,283.95;;1.00;;;;14;000969;;SI;NO;"<p>FUENTE SWITCHING 12V 6A SEISA CAMARA. Producto de demostración.</p>";;;;Seisa;SI;;;;11,398.76;Visible
fuente-poe-ubiquiti-48v-gigabit-1-ethernet-a61df;"Fuente PoE Ubiquiti 48V Gigabit 1 Ethernet";"COMPONENTES > Fuentes";;;;;;;40,831.40;;1.00;;;;3;001552;;SI;NO;"<p>Fuente PoE Ubiquiti 48V Gigabit 1 Ethernet. Producto de demostración.</p>";;;;Ubiquiti;SI;;;;28,581.98;Visible
pasta-termica-arctic-mx-4-4g-82721;"Pasta térmica Arctic MX-4 4g";"COMPONENTES > Coolers, ACCESORIOS > Herramientas e instrumentos";;;;;;;15,530.07;;1.00;;;;10;000906;;SI;NO;"<p>Pasta térmica Arctic MX-4 4g. Producto de demostración.</p>";;;;Arctic;SI;;;;10,871.05;Visible
disipador-cooler-master-hyper-212-3dhp-argb-black-5821c;"DISIPADOR COOLER MASTER HYPER 212 3DHP ARGB BLACK";"COMPONENTES > Coolers";;;;;;;86,546.20;;1.00;;;;3;002347;;SI;NO;"<p>DISIPADOR COOLER MASTER HYPER 212 3DHP ARGB BLACK. Producto de demostración.</p>";;;;"Cooler Master";SI;;;;60,582.34;Visible
disipador-cooler-master-hyper-212-spectrum-v3-510bc;"DISIPADOR COOLER MASTER HYPER 212 SPECTRUM V3";"COMPONENTES > Coolers";;;;;;;86,546.20;;1.00;;;;2;002347;;SI;NO;"<p>DISIPADOR COOLER MASTER HYPER 212 SPECTRUM V3. Producto de demostración.</p>";;;;"Cooler Master";SI;;;;60,582.34;Visible
ssd-externo-1tb-kingston-xs1000-usb3-2-gen2-fd928;"SSD EXTERNO 1TB KINGSTON XS1000 USB3.2 Gen2";"COMPONENTES > Almacenamiento, ALMACENAMIENTO > Pendrives";;;;;;;509,627.42;;1.00;;;;1;002384;;SI;NO;"<p>SSD EXTERNO 1TB KINGSTON XS1000 USB3.2 Gen2. Producto de demostración.</p>";;;;Kingston;SI;;;;356,739.19;Visible
placa-wifi-wireless-bluetooth-pci-e-cudy-dual-band-ax3000-wifi6-2574c;"PLACA WIFI WIRELESS + BLUETOOTH PCI-E CUDY DUAL BAND AX3000 WIFI6";"COMPONENTES, ACCESORIOS > Adaptadores y Conversores, WI-FI / BT";;;;;;;49,762.38;;1.00;;;;1;003799;;SI;NO;"<p>PLACA WIFI WIRELESS + BLUETOOTH PCI-E CUDY DUAL BAND AX3000 WIFI6. Producto de demostración.</p>";;;;cudy;SI;;;;34,833.67;Visible
cable-hdmi-2-1-2-metros-8k-b3962;"CABLE HDMI 2.1 2 METROS 8K";"ACCESORIOS > Cables";;;;;;;12,000.00;;1.00;;;;20;003801;;SI;NO;"<p>CABLE HDMI 2.1 2 METROS 8K. Producto de demostración.</p>";;;;Generico;SI;;;;8,400.00;Visible
